RandomForestRegressor,0.010059228179909783
BayesianRidge,0.010266990450625573
LinearRegression,0.01070482505179946
Lasso,0.012651378477491903
Ridge,0.010674761950707967
SVR,0.010442043472036573
GRU,0.013685289913607606
